Spruce,Beech,Silver fir,Pine,Douglas fir,Oak,Sycamore
1,1,1,1,1,0,0
0,1,0,0,0,1,0
0,1,0,0,0,0,0
1,0,1,0,1,0,0
1,1,0,0,0,0,0
1,0,0,0,0,0,0
1,1,0,0,1,0,0
1,0,1,1,0,0,0
1,1,1,0,0,0,0
1,1,0,0,1,0,1
1,0,1,0,0,0,0
0,1,1,0,0,0,1
1,1,0,0,0,0,1
0,0,0,0,1,0,0
0,0,0,0,0,0,1
1,1,0,0,0,0,0
1,1,0,0,1,0,1
1,1,0,0,1,0,0
1,1,0,0,0,0,1
1,1,1,1,0,0,0
1,1,1,1,1,0,0
1,1,1,0,0,0,1
1,1,1,0,0,0,1
1,1,1,0,0,0,0
1,1,0,1,0,0,0
1,1,0,0,0,0,0
0,1,0,0,0,0,0
1,1,1,0,1,0,1
1,1,1,1,0,0,0
0,0,0,1,1,0,0
1,1,0,1,0,1,0
1,1,0,0,1,0,1
1,0,0,1,1,0,0
1,1,0,0,0,0,0
1,1,1,0,0,0,0
0,1,0,0,0,1,0
1,1,1,0,0,0,1
1,1,1,0,0,0,0
1,1,1,1,0,0,0
0,1,0,0,0,1,0
1,1,0,1,0,0,0
1,1,0,0,0,0,0
0,1,0,1,1,0,0
1,1,0,1,0,0,0
1,1,1,1,0,1,1
1,0,0,0,0,0,0
1,0,0,0,0,0,0
1,1,0,0,0,0,1
1,1,1,0,0,0,0
1,1,1,1,0,0,0
1,1,1,1,0,0,0
0,0,0,1,0,0,0
1,1,0,0,0,1,0
1,1,0,0,0,0,1
0,0,0,0,0,0,1
1,1,0,0,0,0,0
1,1,1,0,0,0,0
1,1,1,0,0,0,0
1,0,1,0,1,0,0
0,0,1,0,1,0,1
1,1,0,1,0,0,0
1,1,0,1,0,0,0
1,1,1,0,1,0,0
1,1,0,0,0,0,0
0,1,0,1,0,0,0
0,0,0,0,1,0,1
1,0,1,1,0,0,0
0,0,0,1,0,0,0
0,1,1,0,0,1,0
1,1,1,0,0,0,0
0,1,0,1,0,1,0
1,1,1,1,0,0,0
1,1,1,0,0,0,0
1,1,1,0,0,0,0
0,1,0,0,0,0,0
0,1,0,0,0,1,0
1,1,1,0,1,0,1
1,1,0,0,0,0,0
0,1,0,0,0,0,0
1,1,1,0,1,0,1
0,1,0,1,0,1,0
1,1,0,0,0,1,1
1,1,1,0,0,0,0
1,1,0,0,0,0,0
1,1,1,1,0,0,0
1,0,0,0,0,0,0
1,1,0,0,0,0,0
1,1,1,0,0,0,0
1,1,1,0,0,0,0
1,1,1,0,0,0,0
1,1,0,0,0,0,0
0,1,0,1,0,0,0
1,0,1,0,0,0,0
1,1,1,0,0,0,1
1,1,1,0,1,0,0
1,1,0,0,0,0,0
0,0,0,0,0,1,0
0,1,0,0,1,1,1
0,1,0,1,0,1,0
1,1,1,0,0,0,0
1,1,0,0,0,0,0
1,0,0,1,1,0,0
1,1,0,0,0,0,0
0,1,0,1,0,1,0
1,1,0,0,0,0,0
1,1,1,0,1,0,1
1,1,0,0,0,0,0
1,0,1,0,0,0,0
0,1,0,1,0,1,0
0,1,0,0,0,0,0
0,1,0,0,0,1,0
1,1,1,0,0,0,0
1,1,1,0,0,0,0
1,0,0,0,0,0,0
1,1,0,1,0,1,0
1,1,1,1,1,0,0
1,0,0,0,0,0,0
1,1,0,0,0,0,1
1,1,0,0,0,1,1
0,1,0,0,0,1,0
0,1,0,0,0,0,0
1,1,0,0,1,1,1
1,1,1,0,0,0,0
0,1,0,0,1,0,1
0,1,0,0,0,1,0
1,1,1,0,0,0,0
1,1,0,0,1,1,0
1,1,0,0,0,0,1
1,0,1,1,1,0,1
0,1,0,1,0,0,0
1,1,1,0,0,0,1
1,1,1,0,0,0,0
1,1,1,0,0,0,1
0,1,0,1,1,1,0
1,1,1,0,0,0,0
1,1,0,0,1,0,0
0,1,0,0,0,1,0
0,0,0,1,1,0,0
1,1,1,0,1,0,0
1,1,0,0,0,0,1
1,0,0,0,0,0,0
1,1,1,0,0,0,0
1,1,0,0,0,0,0
1,1,1,1,1,0,0
1,1,0,1,0,0,0
1,1,0,1,1,1,0
1,1,1,0,1,0,1
1,1,1,0,0,0,0
0,0,0,0,1,1,0
1,1,1,0,0,0,1
1,1,0,1,1,0,0
0,0,0,0,1,0,1
0,1,0,1,0,1,0
1,0,1,0,0,0,0
0,1,0,1,0,1,0
0,0,0,1,0,0,0
1,1,1,0,0,1,0
1,0,0,0,0,0,0
0,0,0,1,0,0,0
1,1,1,0,1,0,0
1,1,0,0,0,0,1
0,1,0,1,0,1,0
1,1,0,1,0,1,0
1,0,1,0,0,0,1
0,1,0,0,0,0,1
1,1,1,0,0,0,0
1,0,0,0,1,0,0
1,1,0,0,1,0,0
1,1,1,0,0,0,0
1,1,1,0,0,1,0
1,1,0,0,0,0,1
0,1,0,1,0,0,0
1,1,1,0,0,0,0
0,0,0,1,0,0,0
0,0,0,0,1,1,0
1,0,0,0,1,0,0
1,1,0,0,1,0,0
1,1,0,0,0,1,0
1,1,0,1,1,0,0
0,0,1,0,0,0,0
1,1,0,0,0,1,0
1,1,0,0,0,0,0
0,1,0,0,1,0,0
1,1,1,0,0,0,0
0,1,0,0,0,1,0
0,1,0,1,0,1,0
1,1,0,0,0,0,0
0,1,0,0,0,0,1
0,1,0,0,0,1,0
1,0,1,0,1,0,0
1,1,0,1,1,0,1
1,1,1,0,0,0,0
1,1,1,0,1,0,1
0,1,0,1,0,1,0
0,0,0,1,1,0,0
0,0,1,0,0,1,1
0,1,0,0,1,0,1
1,1,0,1,0,1,0
1,1,1,0,1,0,0
0,1,0,0,0,0,0
1,1,0,0,1,0,1
0,1,0,0,0,1,0
1,1,0,0,0,0,0
0,1,0,0,0,0,0
0,1,0,0,0,1,0
0,1,0,1,0,1,0
1,1,1,0,1,0,0
1,1,0,0,0,0,0
1,0,1,0,0,0,0
1,1,1,0,0,0,1
1,1,0,0,1,1,1
1,0,0,1,1,0,0
0,1,0,0,0,1,1
0,0,0,1,0,1,0
1,1,1,1,0,1,0
1,0,0,0,1,0,0
1,0,1,1,0,0,0
1,1,0,0,1,0,1
1,0,0,0,0,0,0
1,1,1,1,0,1,0
1,0,1,1,0,0,0
0,0,0,1,1,1,0
0,1,0,1,0,0,0
1,0,1,0,1,0,0
0,0,0,0,1,0,0
1,1,0,1,0,1,0
1,1,1,1,0,0,0
1,1,0,0,0,0,0
1,1,1,0,0,0,0
1,1,0,1,1,0,1
0,0,0,0,0,0,1
0,0,0,0,0,1,0
1,0,1,1,1,0,0
1,1,1,0,0,0,0
0,1,0,0,0,1,0
0,1,0,1,1,0,0
1,1,0,0,1,0,1
1,1,1,0,0,0,0
1,1,0,1,0,1,0
1,1,1,1,0,0,0
1,1,1,0,0,0,1
0,1,0,0,0,0,0
1,0,0,0,0,0,0
1,1,1,0,0,0,0
0,1,0,0,0,0,0
0,1,0,0,0,0,0
1,1,0,0,0,0,1
1,1,1,0,0,0,1
1,0,1,0,0,0,0
0,1,0,1,0,0,1
1,1,1,0,1,0,0
1,1,0,0,1,0,0
1,1,1,0,0,0,0
1,0,1,0,1,0,0
1,1,1,0,0,0,0
1,0,0,0,0,0,0
1,1,1,0,0,0,0
1,1,0,0,0,1,0
0,0,0,0,0,1,0
1,1,1,0,0,0,0
0,0,0,1,0,0,0
0,1,0,0,0,1,0
1,1,1,1,1,0,1
1,1,0,0,0,0,0
1,1,1,0,1,0,1
1,1,1,0,0,0,1
1,0,1,0,0,0,0
1,1,0,0,0,0,0
1,1,1,1,0,0,0
1,1,0,1,0,0,0
0,1,0,1,0,1,0
1,1,0,0,1,0,0
1,1,0,0,0,0,0
1,1,1,0,0,0,0
1,1,0,0,0,0,1
1,1,0,1,0,0,0
1,1,0,1,0,0,0
1,1,1,0,0,0,0
0,0,0,1,0,0,0
0,1,0,1,0,0,0
1,1,1,1,1,1,0
1,1,1,0,1,0,0
1,0,0,0,1,0,1
0,1,0,1,0,0,0
0,1,0,1,0,0,0
1,1,0,0,1,0,0
1,1,1,0,1,0,1
0,1,0,1,0,0,0
0,1,0,1,0,0,0
1,1,1,0,0,1,0
1,1,0,0,0,0,0
1,0,1,0,0,0,0
1,1,0,0,0,0,0
1,1,0,1,0,1,0
1,1,0,0,1,0,1
0,1,0,0,0,0,1
1,1,0,0,0,0,0
1,1,0,0,0,1,0
1,1,1,1,1,0,0
1,1,1,1,0,1,0
1,1,0,1,0,0,0
1,1,1,0,0,0,0
1,1,1,0,1,0,0
0,1,0,0,0,1,0
0,1,0,1,0,1,0
1,1,1,0,0,0,0
1,1,1,1,0,1,0
1,1,1,0,1,0,0
1,1,0,0,0,0,0
1,1,0,1,0,0,0
1,0,0,1,1,0,0
1,0,0,0,1,0,0
1,0,1,1,0,0,1
1,1,1,1,0,0,0
1,1,1,0,1,0,0
1,0,1,0,0,0,0
1,1,1,0,0,0,0
1,1,1,0,0,0,0
1,0,0,0,0,0,0
1,0,1,0,1,0,0
1,1,0,0,0,0,1
1,1,1,0,0,0,0
1,1,1,0,1,0,0
1,1,0,1,0,0,0
1,1,0,0,1,0,1
1,1,1,0,0,0,0
1,1,0,0,0,0,0
1,1,1,0,0,0,0
1,0,0,1,0,0,0
1,0,1,0,1,0,1
1,1,1,1,1,0,0
1,1,0,1,0,1,0
1,0,0,0,0,0,0
0,0,0,0,1,0,0
1,1,0,1,0,1,0
1,1,0,0,0,0,0
1,1,0,1,0,0,0
0,1,0,0,0,0,0
0,0,0,1,0,0,0
1,1,0,0,0,0,0
1,1,0,0,0,0,1
1,1,0,1,0,1,0
0,1,0,1,0,0,0
0,1,0,1,0,1,0
1,1,1,0,0,0,1
1,1,0,1,0,0,0
0,0,0,0,1,0,0
1,1,0,0,0,0,0
1,0,0,1,1,0,0
1,0,1,0,0,0,0
1,1,0,0,0,1,0
1,1,1,1,0,0,0
1,0,1,0,0,0,0
0,1,0,0,0,0,0
0,1,0,0,1,0,0
1,1,1,0,0,0,0
0,0,0,1,0,1,0
0,0,0,1,0,0,0
1,1,0,0,1,0,0
1,1,1,0,0,0,0
1,1,1,1,0,0,0
1,1,0,1,0,0,0
1,1,1,0,1,0,1
1,1,0,1,1,0,0
1,0,0,0,0,0,0
1,1,1,0,0,0,1
1,1,0,1,0,1,0
1,1,0,0,0,0,1
1,1,1,0,0,0,1
1,1,1,0,1,0,0
1,1,0,1,1,0,0
1,1,1,0,0,0,0
1,1,0,1,0,0,1
0,1,0,0,0,0,1
1,1,1,0,0,0,1
0,0,0,1,0,1,0
0,0,0,1,0,0,0
1,1,1,0,0,0,0
1,1,0,0,0,0,1
1,1,0,1,0,1,0
1,1,0,0,0,0,0
1,1,0,1,0,1,1
0,1,0,0,0,0,0
1,1,0,0,0,0,1
1,0,0,0,1,0,0
1,1,1,0,0,0,0
0,1,0,1,0,1,0
0,1,0,1,0,1,0
0,1,0,0,0,1,0
0,1,0,1,0,1,0
1,1,1,0,1,0,0
1,0,0,0,1,0,1
1,1,1,0,1,0,0
1,0,0,0,0,0,0
1,0,1,0,0,0,0
0,1,0,1,0,1,0
1,1,1,1,0,0,0
1,0,1,0,0,0,0
0,1,0,0,1,1,0
1,0,1,1,0,0,0
0,1,0,1,1,1,0
1,1,1,0,0,0,0
0,1,0,1,0,0,0
1,0,0,0,0,0,0
1,1,0,0,0,1,0
1,0,1,0,0,0,0
0,0,0,0,0,1,0
1,0,0,0,0,0,0
1,1,0,0,1,0,0
0,1,0,0,0,0,0
0,1,0,1,0,1,0
1,1,0,0,1,1,0
0,1,1,1,0,1,0
0,1,0,1,0,1,0
1,0,1,1,0,0,0
1,0,1,0,0,0,0
1,1,1,0,1,0,0
1,1,0,0,0,0,1
0,1,0,0,0,0,1
1,1,1,0,0,0,0
1,1,0,1,1,0,0
0,1,0,0,0,1,1
0,1,0,1,0,0,0
1,1,1,0,0,0,0
0,1,0,0,0,1,0
0,1,0,0,0,0,0
1,1,1,1,0,1,0
0,1,0,1,0,1,0
1,0,0,0,0,0,1
1,1,0,1,0,0,0
1,1,1,0,1,0,0
1,1,0,0,0,0,0
1,1,0,0,0,0,1
1,1,1,0,0,0,0
0,1,0,1,0,0,1
1,1,0,0,1,0,0
0,1,0,0,1,0,1
0,0,0,1,0,0,0
0,1,0,0,0,0,1
1,0,0,1,0,0,0
1,1,1,0,0,0,0
1,0,1,1,0,0,0
1,1,0,0,1,0,0
0,0,0,1,1,0,0
1,1,1,0,1,0,0
1,0,0,0,0,0,0
1,1,0,1,0,1,0
0,1,0,0,0,0,0
1,1,0,1,1,1,0
1,1,1,0,0,0,0
1,1,0,0,0,0,1
0,1,0,0,0,0,0
0,0,0,1,0,1,0
0,0,0,0,0,1,0
0,1,1,0,1,0,0
1,0,0,0,0,0,1
1,1,1,0,0,0,0
1,1,1,0,0,0,1
0,0,0,0,1,0,0
0,1,0,0,0,0,0
1,1,1,1,0,0,0
1,1,0,0,0,0,0
0,0,0,1,0,0,0
1,1,1,1,0,0,0
0,1,0,1,0,0,0
0,1,0,1,0,1,0
1,1,0,0,0,0,0
0,1,0,1,0,1,0
1,1,1,0,0,0,0
1,1,1,0,0,0,1
1,0,1,1,0,0,0
1,1,1,1,0,0,0
1,0,0,0,1,0,0
1,1,1,0,0,0,1
0,1,0,1,1,1,0
1,0,0,0,0,0,1
0,1,0,1,0,1,0
1,0,0,0,1,0,0
0,1,0,1,0,0,0
1,1,0,0,0,0,1
1,1,1,0,0,0,0
1,1,0,0,0,0,1
1,0,1,0,0,0,0
0,1,0,0,1,0,1
1,1,1,0,0,0,0
1,1,0,1,0,1,1
0,1,0,1,1,0,0
1,0,0,0,0,0,0
1,1,1,0,0,1,0
1,0,0,0,0,0,0
1,1,1,0,1,0,0
0,0,0,1,0,0,0
0,1,0,0,1,0,1
1,1,0,1,0,1,0
1,0,0,0,0,0,0
1,1,0,1,1,0,0
1,1,1,0,0,0,0
1,0,0,1,0,0,0
1,1,1,0,0,0,1
1,1,0,1,0,1,0
1,1,0,0,1,0,0
1,1,1,1,0,0,0
1,1,1,0,0,0,0
0,1,0,0,0,1,0
1,0,1,0,0,0,0
0,1,0,1,1,1,0
1,1,1,0,0,0,1
1,1,1,0,0,0,0
0,1,0,0,0,1,0
1,1,1,0,1,0,0
1,1,1,1,0,0,0
1,1,0,0,0,0,1
1,1,1,0,0,0,0
1,0,1,0,0,0,0
1,1,0,0,1,0,0
1,1,1,0,0,1,1
1,1,1,0,0,0,0
1,1,1,0,1,0,0
1,1,1,0,1,1,1
1,1,1,0,1,0,0
0,1,0,0,0,1,0
1,1,0,1,0,0,1
1,1,1,0,0,0,0
1,0,0,0,1,0,0
1,1,0,0,0,0,0
1,1,0,0,0,1,1
1,1,0,0,0,1,0
1,0,1,0,0,0,0
1,1,1,0,0,0,0
1,1,0,0,0,0,0
1,0,0,0,1,0,0
0,1,0,1,0,0,0
1,1,0,0,0,0,0
1,1,0,0,0,1,1
1,1,1,0,0,0,0
1,1,1,0,0,0,1
1,0,0,0,0,0,0
0,1,0,0,1,0,0
1,1,0,0,0,0,0
1,1,1,0,1,0,1
0,1,0,0,0,0,0
0,1,0,0,0,1,0
1,0,0,0,0,0,1
1,1,0,1,0,0,0
1,1,0,0,0,0,1
1,1,1,0,0,0,0
1,0,1,0,1,0,0
1,1,0,1,0,0,1
0,0,0,1,1,0,0
1,1,1,0,1,0,0
0,0,1,0,0,1,0
1,1,1,0,0,0,0
1,1,1,1,0,1,0
0,1,0,0,0,1,0
0,0,0,1,1,0,0
1,1,1,0,0,0,1
1,1,1,0,1,0,0
0,1,0,1,0,1,0
1,0,0,1,0,0,0
0,1,0,1,0,1,0
0,0,0,1,1,0,0
1,1,1,0,0,0,1
1,1,1,0,1,0,0
1,1,1,1,0,0,0
1,1,1,1,0,1,0
1,0,0,0,1,0,0
0,1,0,1,1,0,0
0,1,0,1,0,1,0
1,1,1,0,0,0,0
1,0,0,1,1,0,0
1,1,0,1,1,0,0
1,1,1,1,0,1,0
0,1,0,0,1,0,0
1,1,1,0,0,0,0
1,0,0,0,0,0,1
1,1,1,0,0,1,0
1,1,0,0,0,0,0
1,1,1,0,0,0,0
0,1,0,0,0,1,0
1,1,1,0,0,0,0
1,1,0,0,0,0,1
1,1,1,0,1,0,0
1,1,1,0,0,0,0
1,1,1,0,0,0,0
1,0,0,1,0,1,1
0,0,0,0,1,0,0
0,0,0,0,0,1,0
1,0,0,0,0,0,0
1,1,1,1,0,1,0
1,0,1,0,0,0,1
1,0,1,0,0,0,0
1,0,0,1,1,0,0
0,0,0,1,1,0,0
1,0,0,0,1,0,0
1,1,1,0,0,0,0
0,1,0,1,0,1,0
1,1,0,0,1,0,0
1,1,0,0,1,0,0
1,1,1,0,0,0,0
1,0,0,0,0,0,1
1,1,1,1,1,0,0
1,0,0,0,1,0,1
0,0,0,1,0,0,0
1,0,1,0,0,0,0
1,1,1,0,0,0,0
1,1,1,0,0,0,0
1,0,1,1,0,0,0
1,1,1,1,0,1,0
1,1,0,1,0,0,1
1,1,1,1,0,0,0
0,1,0,1,1,0,0
1,0,0,0,0,1,1
1,1,1,0,1,1,0
0,0,0,0,1,1,0
0,1,0,0,0,0,1
1,1,1,0,0,0,0
0,1,0,0,0,0,1
1,1,1,0,0,0,0
1,1,1,1,0,0,0
0,0,0,1,0,0,0
1,1,1,1,1,0,0
0,1,0,1,0,0,0
0,1,1,0,0,0,0
0,1,0,1,0,1,0
1,1,1,0,0,0,0
0,0,0,0,0,0,1
0,1,0,1,0,1,0
1,0,0,0,0,0,0
1,1,1,0,0,0,0
1,0,0,0,0,0,0
1,1,1,0,0,0,0
0,1,0,0,0,0,0
0,1,0,0,0,0,0
1,0,1,0,1,0,0
1,1,1,0,0,0,0
1,1,1,0,0,0,1
1,1,1,0,0,0,1
1,0,0,0,0,0,0
1,1,1,0,0,0,0
0,1,0,0,0,1,0
0,1,0,1,0,0,0
1,0,1,0,0,0,0
1,1,0,0,1,1,0
1,1,0,1,0,0,0
0,0,0,1,0,0,0
0,0,1,0,1,0,1
1,1,0,0,0,1,0
0,1,0,1,0,0,0
0,1,0,0,0,0,1
1,1,1,1,0,0,0
1,0,1,1,0,0,0
0,1,0,1,0,1,0
1,1,0,0,0,1,0
1,0,1,0,0,0,0
0,0,0,1,0,1,0
1,1,1,0,0,0,0
1,1,1,1,0,0,0
1,1,1,1,0,1,0
1,0,0,0,0,0,0
1,0,1,0,0,0,1
1,1,1,1,0,0,0
0,1,0,1,0,1,0
1,1,1,0,0,1,0
0,1,0,1,1,1,1
1,1,0,1,1,1,0
1,0,0,0,0,0,0
1,1,0,0,0,0,0
1,0,0,0,0,0,0
1,1,1,1,0,0,0
1,1,1,0,1,0,0
1,0,0,1,1,0,0
1,1,0,1,0,1,0
1,1,0,0,0,0,0
0,1,0,0,1,1,0
1,1,1,0,0,0,1
1,1,1,1,0,0,0
0,0,0,0,0,0,1
1,1,0,0,1,0,0
1,1,0,0,0,0,0
1,1,1,1,0,0,0
0,1,0,1,0,1,0
1,1,1,0,1,0,0
0,1,0,0,0,0,0
1,1,0,1,1,0,0
0,1,1,0,0,0,0
1,1,0,1,0,0,0
1,1,0,0,1,1,0
0,1,0,0,0,0,0
1,1,0,0,0,0,0
1,1,1,0,0,1,0
1,1,1,0,0,0,0
0,1,1,0,0,1,0
0,1,0,1,0,0,0
1,1,1,0,0,0,1
1,0,0,0,0,0,0
1,0,0,0,0,0,1
1,1,0,1,0,0,0
1,1,1,1,0,1,0
0,1,0,1,0,1,0
0,1,0,1,1,0,0
1,1,0,0,0,0,1
1,1,1,0,0,0,0
0,1,0,0,0,1,0
1,1,0,1,0,1,0
1,1,1,0,0,0,1
1,1,0,0,0,1,0
1,1,1,0,0,0,0
0,0,0,0,1,0,1
1,1,1,1,0,1,0
1,1,1,0,1,0,1
1,0,0,0,1,0,0
1,1,0,1,0,0,0
0,1,0,0,0,1,0
1,1,1,0,0,0,0
1,0,1,0,0,0,0
1,1,0,1,1,0,0
1,0,1,0,0,0,0
0,0,0,1,0,0,0
0,0,0,0,0,0,1
1,1,0,0,0,0,1
1,1,1,1,0,0,0
1,1,1,0,0,0,0
0,1,0,1,0,0,0
1,1,1,0,0,0,0
1,1,1,1,0,0,0
1,0,1,1,0,0,0
1,1,0,0,0,0,0
1,1,1,0,0,0,0
0,1,1,0,1,0,1
1,0,1,0,0,0,0
1,1,1,0,0,0,0
1,1,1,0,0,1,0
0,1,0,0,0,1,0
1,1,0,0,0,0,1
1,1,0,1,0,1,1
0,1,0,1,0,0,0
1,1,1,0,0,0,1
1,1,0,0,0,0,1
0,0,0,1,1,0,0
0,1,0,1,0,1,0
1,1,1,1,0,1,0
1,1,1,0,0,0,0
1,1,1,0,0,0,0
1,1,1,0,0,0,0
1,1,1,0,1,0,0
1,1,1,0,0,0,0
0,1,0,1,0,1,0
0,0,0,0,0,0,1
1,1,1,0,1,0,0
1,1,1,1,0,1,0
1,0,1,0,0,0,0
1,1,0,1,0,1,0
1,0,1,0,0,0,1
1,1,0,1,0,0,0
0,1,0,0,0,0,1
1,1,0,0,0,0,0
1,1,0,0,0,0,0
1,1,1,1,0,1,0
0,1,0,1,0,1,0
0,0,0,0,0,1,0
1,1,1,0,0,0,0
0,0,0,1,0,0,0
1,1,1,0,1,0,0
0,1,0,1,0,0,0
1,0,1,0,0,0,0
0,0,0,1,0,0,0
1,1,0,0,1,0,1
1,1,1,1,0,1,0
1,1,0,0,1,0,0
1,1,0,0,0,0,0
0,1,1,0,0,1,0
1,0,0,0,1,0,0
1,1,1,0,0,1,0
0,1,0,1,1,1,0
1,1,1,0,1,0,0
1,0,1,1,0,0,0
1,1,1,0,0,0,0
1,1,0,1,0,1,1
1,1,1,0,0,0,0
1,0,1,0,0,0,1
1,0,1,1,0,0,0
1,1,0,1,0,0,0
0,0,0,1,1,0,0
1,1,1,0,0,0,0
0,0,0,0,0,1,0
1,1,1,0,0,0,0
0,1,0,1,0,0,0
0,1,0,1,0,1,0
0,0,0,1,0,0,0
1,0,1,0,0,0,1
0,1,0,0,0,1,0
1,1,1,0,0,0,0
1,0,0,0,0,0,0
1,0,0,0,1,0,0
0,1,0,1,0,1,0
1,0,0,0,1,0,0
1,1,1,0,0,1,1
1,0,0,0,0,0,0
1,1,1,0,0,0,0
1,1,0,0,0,0,0
0,1,0,0,0,0,1
1,0,1,0,0,0,0
1,1,1,0,0,0,1
1,1,1,0,0,1,0
1,1,1,1,0,1,0
1,1,0,1,0,0,0
0,1,1,0,0,0,1
1,1,1,1,0,1,0
0,0,0,0,1,0,0
0,0,0,0,1,1,0
1,1,0,0,1,0,0
0,0,0,0,1,0,0
1,1,0,0,1,0,0
1,0,0,1,0,1,0
1,0,1,0,0,0,0
0,1,0,1,0,1,0
1,1,1,0,1,0,0
0,1,0,1,0,1,0
1,1,0,0,1,0,1
1,1,1,0,0,0,0
1,1,1,0,0,0,1
1,1,0,1,1,0,0
1,1,0,1,1,0,0
0,1,0,0,0,0,1
0,1,0,0,0,0,0
1,1,0,1,1,0,0
1,1,0,0,0,0,1
1,1,1,0,0,0,1
1,1,1,1,0,0,0
0,1,1,1,1,0,0
0,1,0,1,0,0,0
1,1,1,0,1,0,1
1,1,1,0,1,0,0
1,1,1,0,0,0,1
1,0,0,0,1,0,0
1,1,1,0,0,0,0
0,0,0,1,0,0,0
1,1,1,1,0,0,0
1,1,0,0,0,0,0
1,1,1,0,0,0,1
0,0,0,1,0,0,0
1,1,1,0,0,1,0
1,1,0,0,0,0,1
0,1,0,1,1,0,0
1,0,1,1,0,0,0
1,1,0,0,0,0,0
1,0,1,0,0,0,0
0,1,0,0,0,0,0
1,1,1,0,0,0,0
1,1,0,0,0,0,0
1,1,0,1,0,1,0
1,0,1,0,0,0,0
1,1,0,1,0,0,0
1,1,1,0,0,0,0
1,1,1,0,1,1,0
1,0,0,0,1,0,0
1,1,1,0,0,0,0
1,1,1,0,1,0,0
0,1,0,1,0,1,0
1,1,0,0,0,0,1
1,0,0,0,1,0,0
1,1,0,0,0,0,0
1,1,0,0,0,1,0
1,1,1,1,0,0,0
1,0,0,0,0,0,0
1,1,1,0,0,1,0
1,1,1,0,0,0,0
1,1,1,0,0,0,0
1,1,1,0,0,0,0
1,1,1,0,0,0,0
1,1,1,0,0,0,1
1,0,0,0,0,0,0
1,1,1,0,0,1,0
0,1,0,1,0,1,0
1,1,1,0,0,0,0
0,0,0,1,0,0,0
1,0,0,0,1,0,0
1,1,1,0,0,0,0
1,0,1,0,1,0,0
1,1,1,0,0,0,0
1,0,1,0,0,0,0
1,1,1,0,0,0,0
0,1,1,0,1,0,1
0,0,0,0,1,0,0
1,1,0,0,0,0,0
0,1,0,1,0,0,0
0,0,0,0,1,0,0
1,1,1,0,0,0,1
1,0,1,1,0,0,0
0,0,0,1,0,0,0
1,1,0,0,0,0,0
1,0,1,0,0,0,0
0,1,0,0,0,0,1
1,0,0,0,0,0,0
0,1,0,1,0,1,0
0,1,1,0,1,0,1
0,0,0,1,0,1,0
1,1,0,0,0,0,1
1,1,1,0,0,0,0
1,1,1,1,0,0,0
1,0,1,0,0,0,0
0,1,0,1,0,1,0
0,1,0,1,0,1,1
1,1,0,1,0,0,0
0,1,0,1,0,1,0
0,0,0,1,0,0,0
0,0,0,0,1,0,0
1,1,1,0,0,1,0
1,1,1,0,0,0,0
0,1,0,0,0,1,0
1,0,1,0,0,0,0
0,0,0,0,1,0,0
0,0,0,1,0,0,0
1,1,1,0,0,0,1
0,1,0,1,0,1,1
0,1,0,0,0,0,0
1,1,1,1,0,0,0
1,0,0,0,0,0,0
1,0,0,0,0,0,0
0,1,0,0,0,0,1
1,1,0,0,0,0,0
1,0,1,0,1,0,0
1,1,0,0,0,0,1
0,1,0,0,0,1,0
1,1,1,0,0,0,0
1,1,1,0,0,0,0
1,1,1,0,0,0,0
1,1,1,0,0,0,0
1,1,1,0,0,0,0
1,0,0,1,0,1,1
1,1,1,0,1,0,0
1,0,1,0,0,0,0
0,1,0,0,0,0,1
0,0,0,0,0,1,1
1,1,1,0,0,0,1
1,0,0,0,1,0,0
1,1,1,0,1,0,0
1,1,1,1,0,1,0
1,1,0,1,0,0,1
1,1,1,0,0,0,0
1,0,1,0,0,0,0
0,0,0,0,1,0,0
0,0,0,1,0,0,0
0,0,0,0,0,1,0
1,1,1,0,0,0,0
1,0,1,1,0,0,0
0,1,1,1,0,1,0
1,1,0,0,0,0,0
1,1,1,1,0,1,0
0,1,0,0,0,0,1
1,1,1,0,1,0,0
0,0,0,0,1,0,0
0,1,0,1,0,1,0
1,0,0,1,1,0,0
0,1,0,0,0,1,0
0,1,0,0,1,1,0
0,1,0,1,0,1,0
1,1,1,0,0,0,0
1,1,0,0,0,0,0
1,1,1,1,0,0,0
1,1,0,0,1,1,1
1,1,0,0,1,0,0
1,1,0,1,0,1,0
0,1,0,1,0,0,0
1,0,1,1,0,0,0
1,1,0,0,0,0,0
0,1,0,0,0,1,0
1,1,0,1,1,0,0
0,1,1,0,0,1,1
1,0,1,1,0,0,0
1,1,0,0,0,0,1
1,1,1,1,0,0,0
0,1,0,0,0,1,0
1,1,0,1,0,1,0
0,1,0,0,0,0,0
1,0,1,0,0,0,0
0,1,0,0,0,0,1
1,1,1,0,0,0,0
1,1,0,1,0,1,0
1,1,1,0,0,0,1
0,0,0,0,0,1,0
1,1,1,0,0,0,0
0,1,0,0,0,0,0
0,1,0,1,0,0,0
1,1,0,0,0,0,1
1,1,1,1,0,1,0
1,1,1,0,0,0,0
0,1,0,1,0,1,0
1,1,0,1,0,0,0
0,1,0,1,0,0,1
1,1,0,0,0,1,1
1,0,0,0,1,0,0
1,1,1,0,0,0,0
1,1,0,1,1,0,0
1,1,0,1,0,0,1
0,1,0,1,0,1,0
0,1,0,0,0,0,1
1,1,0,0,0,1,1
1,0,0,0,0,0,1
1,1,1,0,0,0,0
1,0,1,0,1,0,0
1,1,0,0,0,0,1
1,1,1,0,0,0,1
1,0,0,0,0,0,0
0,1,1,1,0,1,0
0,1,0,0,0,0,0
1,1,0,1,0,0,0
0,0,0,0,1,0,0
0,0,0,0,0,1,0
0,1,0,1,0,1,0
1,1,1,0,0,0,0
1,1,1,0,0,0,0
1,1,1,0,0,0,0
0,1,0,0,0,1,0
1,1,0,0,0,0,0
1,1,0,0,1,1,0
1,0,0,0,1,0,0
1,1,1,1,0,0,0
1,0,0,1,1,0,0
0,0,0,1,0,0,0
0,1,0,0,0,0,1
1,0,1,0,0,0,0
1,1,1,1,0,0,0
0,1,1,0,0,1,0
1,1,0,0,0,0,1
1,1,0,1,0,0,0
1,1,0,0,0,0,0
1,0,0,1,0,0,0
0,1,0,0,0,1,0
1,1,1,1,0,0,0
1,1,1,0,0,0,0
0,0,0,0,1,0,1
1,1,1,1,0,0,0
0,1,0,0,0,1,0
1,1,0,0,1,0,0
1,1,0,0,0,0,0
1,1,0,0,0,0,0
1,1,1,0,0,0,0
1,0,1,1,0,0,0
1,0,1,1,0,0,1
0,1,0,1,0,1,0
1,1,1,0,0,0,0
0,1,0,0,1,0,0
0,0,0,0,0,0,1
1,1,1,1,1,0,0
1,1,1,0,0,0,1
1,1,1,0,1,0,0
0,1,0,1,0,1,0
1,1,0,1,0,0,0
0,1,0,0,0,1,0
0,1,0,0,0,0,1
1,1,0,0,0,0,1
0,0,0,0,0,0,1
1,0,0,0,1,0,0
1,1,1,0,0,0,0
1,1,1,0,0,1,1
0,0,1,0,0,0,0
1,0,0,0,1,0,0
0,1,0,1,0,0,0
1,1,0,0,0,0,0
0,1,0,0,0,0,0
1,1,1,0,0,0,1
1,0,1,0,0,0,1
1,1,0,0,1,0,1
1,1,0,1,0,0,0
1,1,0,0,0,0,0
1,0,1,0,0,0,0
1,1,0,1,0,0,0
1,1,1,0,1,0,0
0,0,0,0,0,0,1
1,1,1,0,0,0,0
1,1,0,1,0,1,0
0,0,0,0,0,1,0
1,0,1,0,0,0,0
0,1,0,1,0,0,0
0,1,1,0,0,0,0
1,1,1,0,0,0,0
0,1,0,1,0,0,0
0,1,0,0,0,0,1
1,1,1,1,0,0,0
1,1,1,0,1,0,0
1,1,0,0,0,0,0
1,1,1,1,0,0,0
0,1,0,0,0,0,1
1,1,1,0,0,0,0
1,1,0,1,1,0,0
1,1,0,1,0,1,0
1,1,0,0,1,0,0
1,1,0,0,0,0,0
1,1,0,0,0,0,1
1,1,0,0,0,1,0
1,1,0,1,1,0,0
1,1,0,1,0,1,0
1,1,0,0,0,0,0
0,0,0,0,0,1,0
0,1,0,0,0,0,1
1,0,1,1,0,0,1
1,0,1,0,0,0,0
1,1,1,0,0,0,0
1,1,1,1,0,0,0
1,0,0,1,1,0,0
1,1,0,1,0,1,0
1,1,1,0,0,0,0
1,1,0,1,0,0,1
0,1,0,1,0,0,0
1,1,1,1,0,0,0
1,1,1,1,0,0,0
1,0,1,0,0,0,0
1,1,0,1,0,1,0
1,0,0,1,1,0,0
0,0,0,0,1,0,1
1,1,0,1,0,0,1
1,1,1,0,0,0,0
0,0,0,0,0,1,0
1,1,1,1,0,0,0
1,1,0,0,0,0,1
1,0,0,0,1,0,0
0,1,0,0,0,0,1
1,1,1,0,0,0,0
0,1,0,0,0,1,0
0,1,0,1,1,1,0
1,1,0,0,0,1,1
1,1,0,1,0,0,0
1,1,1,0,0,0,1
1,1,0,0,0,0,1
1,0,0,0,0,0,0
1,1,0,0,0,1,0
1,1,1,0,0,0,0
1,1,0,0,0,0,0
0,1,1,0,0,0,0
1,1,0,0,0,0,0
1,1,0,0,1,0,0
0,0,0,1,0,0,0
1,1,1,0,1,0,0
0,1,0,0,0,0,0
0,1,0,1,0,0,0
0,1,0,1,0,0,0
1,1,0,1,0,0,1
1,1,0,1,0,0,0
1,0,0,0,0,1,1
1,1,0,0,0,0,0
0,0,0,0,0,0,1
1,1,1,1,0,0,0
1,1,1,0,0,0,1
1,1,1,0,1,0,0
1,1,1,0,0,0,0
1,1,1,0,0,0,0
1,1,1,0,1,0,0
0,1,0,1,0,1,0
0,0,1,0,0,1,0
1,1,0,0,0,0,1
1,0,0,0,1,0,0
0,1,0,1,0,1,0
0,1,0,0,0,0,1
1,1,1,0,0,0,0
1,1,1,0,0,0,0
1,1,1,1,0,1,0
0,1,0,0,1,1,0
0,0,0,0,0,1,0
0,1,0,0,0,0,0
1,1,1,1,0,0,1
1,1,0,1,1,0,0
1,1,1,0,0,0,0
1,1,1,0,1,0,0
0,1,0,0,1,0,0
1,0,1,1,1,0,0
1,1,1,0,0,0,0
1,1,0,1,0,1,1
1,1,1,0,1,0,0
0,1,0,1,0,0,0
1,1,0,0,1,1,1
1,1,1,0,0,0,0
1,0,1,0,0,0,0
1,0,0,0,0,0,0
0,1,0,1,0,1,0
1,0,0,0,1,0,0
1,1,1,0,0,0,0
0,1,0,1,0,0,0
1,1,1,1,0,0,0
1,1,1,1,0,0,0
1,1,1,0,1,0,0
1,1,1,0,0,0,0
1,0,1,0,0,0,0
0,1,0,0,0,1,0
1,0,1,0,1,0,0
1,0,1,1,1,0,0
1,1,0,1,0,0,0
0,1,0,0,1,0,1
1,1,1,0,1,0,0
1,1,0,0,0,0,0
1,0,1,0,0,1,0
1,1,0,1,0,1,0
1,0,0,0,0,0,1
0,0,0,1,0,0,0
1,0,1,0,0,0,0
1,1,1,0,1,1,0
1,1,1,0,0,0,0
1,1,0,0,1,0,0
1,0,1,0,1,0,0
1,1,0,0,0,0,1
1,1,1,0,0,0,0
1,1,0,1,0,1,0
1,0,0,1,0,0,0
0,0,0,0,1,0,0
1,1,1,1,1,0,1
1,1,1,1,0,0,0
1,0,1,1,1,0,0
1,1,0,0,0,0,0
1,0,0,0,0,0,0
0,1,0,0,0,1,0
1,1,0,1,0,0,1
0,1,0,0,0,1,0
1,1,0,1,1,0,0
1,1,1,0,1,0,1
1,1,1,0,0,0,0
0,1,1,1,0,1,0
1,1,1,0,0,0,0
1,0,1,0,1,0,0
1,0,1,0,0,0,0
1,1,0,0,0,0,1
1,1,0,0,0,0,1
0,1,0,1,0,1,0
1,1,1,0,0,0,0
0,1,0,0,1,1,1
1,1,0,0,0,0,1
1,1,1,0,0,1,0
1,1,0,1,0,1,0
1,1,0,0,0,0,0
0,1,0,0,0,1,1
1,1,1,0,1,1,0
0,0,0,1,0,0,0
1,0,1,0,1,0,0
0,1,0,1,0,0,0
1,0,0,1,0,0,0
0,1,0,0,0,0,0
1,0,0,0,0,0,0
0,1,0,1,1,0,0
1,1,0,0,0,0,1
1,0,1,0,1,0,0
1,1,1,0,0,0,1
1,1,0,0,1,0,1
1,1,1,1,1,1,1
0,0,0,1,0,0,0
1,0,1,0,1,0,1
0,1,0,1,0,0,0
0,1,1,0,1,0,1
1,1,0,0,0,0,1
1,1,0,0,0,0,1
1,0,1,0,1,0,1
0,0,0,0,1,0,0
1,1,1,0,1,0,0
1,1,0,1,1,0,1
1,0,1,0,0,0,0
1,1,0,0,0,0,0
1,0,1,0,0,0,0
1,1,0,0,0,0,0
1,1,0,0,0,0,0
0,1,0,1,0,0,0
0,1,0,1,0,1,0
0,1,1,1,0,1,0
1,1,1,0,1,0,1
0,1,0,0,0,0,1
1,1,1,0,1,0,1
1,1,1,0,0,0,1
0,1,0,0,0,0,0
1,1,0,1,0,0,0
1,1,0,0,0,1,1
1,0,1,0,0,0,0
1,0,1,0,0,0,1
1,1,0,0,1,1,0
1,1,1,1,0,0,0
0,0,0,0,1,0,0
1,1,0,0,0,0,1
1,1,1,0,0,0,0
1,1,1,0,0,0,0
1,1,1,0,0,0,1
1,0,1,0,0,0,0
1,1,1,0,1,0,0
0,0,0,1,0,1,0
0,1,0,1,0,1,0
0,1,0,0,0,1,0
1,1,0,0,1,0,1
1,1,0,0,1,0,1
1,1,1,1,1,0,0
0,1,0,1,0,0,0
0,1,0,0,0,0,0
1,0,0,0,0,0,0
1,1,1,0,0,0,0
1,0,1,0,0,0,0
0,1,0,0,0,0,0
1,1,1,0,0,0,1
1,0,0,0,0,0,0
1,0,0,1,1,0,0
1,0,0,1,0,0,0
0,0,0,0,0,0,1
1,1,1,0,0,0,0
0,0,0,0,0,1,0
1,1,1,0,0,0,1
1,1,0,1,0,0,0
1,1,1,1,0,1,0
1,1,1,0,0,0,1
1,1,0,1,0,0,0
1,0,1,0,0,0,0
1,0,1,0,0,0,0
1,1,0,0,0,0,0
0,1,0,1,0,0,0
1,1,1,0,0,0,0
1,1,1,0,0,0,0
1,1,1,0,1,0,0
1,0,0,0,0,0,0
1,1,1,0,1,0,0
0,0,0,0,0,1,0
1,1,1,1,0,1,0
0,1,0,1,0,1,0
1,1,0,1,0,1,0
1,0,1,0,0,0,0
1,1,1,0,0,0,0
1,1,0,0,0,0,0
1,1,0,1,1,0,0
1,1,0,0,1,0,0
1,1,1,0,0,0,0
1,0,0,0,0,0,0
1,1,1,1,0,1,1
1,1,0,0,1,0,0
1,1,0,0,0,0,0
0,0,1,0,0,0,0
1,1,0,0,0,0,0
0,1,0,0,0,0,1
1,1,1,0,1,0,1
1,1,1,0,0,0,0
1,0,0,0,0,0,0
1,0,1,0,0,0,0
1,1,1,0,0,0,0
0,1,0,1,0,0,0
0,1,0,0,0,1,0
1,1,1,1,0,1,0
1,1,1,0,0,0,0
1,0,0,1,0,0,0
1,1,0,0,0,0,1
1,1,0,1,1,0,0
1,1,1,0,0,0,0
0,0,0,1,0,0,0
1,0,0,0,0,1,0
1,1,0,0,0,0,1
1,1,0,1,0,0,1
0,1,0,0,0,0,0
0,1,1,0,0,1,1
1,1,0,0,0,0,0
1,1,0,0,0,0,1
0,1,0,1,0,1,0
1,0,0,0,0,0,0
1,0,0,0,0,0,0
1,1,0,0,0,0,0
1,1,1,0,0,0,0
1,0,0,0,0,0,0
1,1,1,0,1,0,1
0,1,0,0,0,0,0
0,1,0,0,0,1,0
1,1,0,0,0,1,0
1,1,0,0,0,0,1
1,1,1,0,0,0,0
1,0,1,0,0,0,1
1,1,1,0,0,0,0
1,1,1,0,0,0,0
1,1,1,0,1,0,0
1,1,1,0,0,0,0
1,1,0,0,1,1,0
1,1,1,0,1,0,0
0,1,0,0,0,1,0
1,1,1,0,0,0,0
0,1,0,1,0,1,1
1,1,1,0,0,0,0
1,0,1,0,1,0,0
1,1,0,0,1,1,0
1,1,0,0,0,1,0
1,1,1,1,1,1,0
1,1,1,0,0,0,0
0,1,0,1,0,0,0
1,1,0,1,0,0,0
1,1,0,0,0,0,0
1,1,1,0,0,0,0
1,1,0,1,0,1,0
0,1,0,0,0,0,0
1,1,1,1,1,1,0
0,1,0,0,0,1,0
0,1,0,1,0,0,0
1,1,1,0,0,0,0
1,1,1,0,0,0,0
0,1,0,0,0,0,1
1,0,0,1,1,0,0
0,1,0,1,0,1,0
0,1,0,0,0,0,0
1,0,0,0,0,0,0
1,1,0,0,0,0,0
1,1,1,0,1,0,0
1,1,1,0,0,0,0
1,1,1,0,0,0,0
1,1,0,0,0,0,0
1,1,1,1,0,0,0
1,0,0,0,0,0,1
1,1,1,0,1,0,0
1,1,1,0,0,0,0
1,0,0,0,1,0,1
0,1,0,0,0,0,1
1,1,1,0,0,0,0
0,1,0,1,0,1,0
1,0,1,0,0,0,0
1,0,0,0,0,0,0
1,1,1,0,0,0,0
1,1,0,0,0,0,1
1,1,1,1,0,0,0
0,1,0,1,1,0,0
0,1,0,1,0,1,0
1,1,1,0,0,0,0
1,0,1,0,1,0,0
0,1,0,1,0,1,0
0,1,0,0,0,0,0
1,1,1,1,0,0,0
0,0,0,0,1,1,1
0,1,0,0,1,0,0
0,1,1,0,0,0,0
1,1,0,1,0,0,1
1,1,1,1,1,1,0
1,1,0,1,1,0,0
